Product_ID,Product_Name,Category,Price,Discount_Percent,Final_Price,Rating,Reviews,Units_Sold,Revenue,Stock
P001,NovaTech Smartphone X1 001,Electronics,19700,7,18321,4.5,5457,5590,102414390,72
P002,ZenByte Smartphone X2 002,Electronics,26000,18,21320,4.2,5292,3856,82209920,131
P003,Orion Smartphone X3 003,Electronics,31700,14,27262,3.9,3173,5574,151958388,299
P004,PixelPro Laptop Pro 14 004,Computers,64700,20,51760,4.7,3457,1748,90476480,432
P005,Astra Laptop Air 13 005,Computers,53100,13,46197,4.3,2458,5631,260135307,192
P006,TechCore Laptop Core 15 006,Computers,45000,21,35550,3.8,5775,5288,187988400,433
P007,Voltix Wireless Earbuds A 007,Audio,2300,27,1679,4.2,12100,8400,14103600,302
P008,Nexora Wireless Earbuds B 008,Audio,3900,23,3003,4.6,8362,7427,22303281,380
P009,ByteWave Bluetooth Speaker 009,Audio,2800,27,2044,4.1,4695,4229,8644076,139
P010,Lumina Smart Watch A 010,Wearables,6500,16,5460,3.9,5396,4739,25874940,209
P011,NovaTech Smart Watch B 011,Wearables,8900,15,7565,4.2,5049,4498,34027370,331
P012,ZenByte Fitness Band 012,Wearables,2600,31,1794,4.2,5087,7477,13413738,493
P013,Orion Tablet 10 013,Tablets,19700,17,16351,4,2780,4565,74642315,48
P014,PixelPro Tablet Pro 014,Tablets,28800,7,26784,4.7,2112,1652,44247168,487
P015,Astra Tablet Lite 015,Tablets,15300,26,11322,3.9,4559,4055,45910710,488
P016,TechCore Gaming Mouse 016,Accessories,1900,27,1387,4.2,5903,9111,12636957,154
P017,Voltix Mechanical Keyboard 017,Accessories,5300,19,4293,4.9,4932,4650,19962450,90
P018,Nexora USB-C Hub 018,Accessories,2300,21,1817,4.4,6685,3946,7169882,101
P019,ByteWave Power Bank 10000 019,Accessories,1600,21,1264,4.4,7919,10729,13561456,259
P020,Lumina Power Bank 20000 020,Accessories,2500,19,2025,4.7,3779,9271,18773775,369
P021,NovaTech Smartphone X1 021,Electronics,20500,19,16605,4.1,8135,5401,89683605,242
P022,ZenByte Smartphone X2 022,Electronics,23700,10,21330,4.8,7732,5111,109017630,276
P023,Orion Smartphone X3 023,Electronics,34900,13,30363,4.5,5972,4109,124761567,347
P024,PixelPro Laptop Pro 14 024,Computers,65700,16,55188,4.4,3339,3091,170586108,418
P025,Astra Laptop Air 13 025,Computers,60800,7,56544,4.5,3598,2737,154760928,205
P026,TechCore Laptop Core 15 026,Computers,51800,27,37814,4,2541,6412,242463368,60
P027,Voltix Wireless Earbuds A 027,Audio,2300,27,1679,4.4,12139,9615,16143585,84
P028,Nexora Wireless Earbuds B 028,Audio,3800,20,3040,4.8,4272,7135,21690400,330
P029,ByteWave Bluetooth Speaker 029,Audio,3000,20,2400,4.6,7263,7592,18220800,385
P030,Lumina Smart Watch A 030,Wearables,5900,20,4720,4.2,4506,5427,25615440,81
P031,NovaTech Smart Watch B 031,Wearables,8700,6,8178,4.3,3875,3090,25270020,132
P032,ZenByte Fitness Band 032,Wearables,2300,34,1518,4.1,5546,11163,16945434,460
P033,Orion Tablet 10 033,Tablets,18600,17,15438,4,3861,2827,43643226,87
P034,PixelPro Tablet Pro 034,Tablets,31500,16,26460,4.6,1765,2543,67287780,228
P035,Astra Tablet Lite 035,Tablets,13400,16,11256,4.1,3432,4113,46295928,462
P036,TechCore Gaming Mouse 036,Accessories,1900,35,1235,4.5,8818,5458,6740630,392
P037,Voltix Mechanical Keyboard 037,Accessories,4900,14,4214,4.4,3859,5825,24546550,236
P038,Nexora USB-C Hub 038,Accessories,2200,27,1606,4,6977,5309,8526254,461
P039,ByteWave Power Bank 10000 039,Accessories,1600,16,1344,4,13056,12736,17117184,67
P040,Lumina Power Bank 20000 040,Accessories,2700,14,2322,4.2,6900,5933,13776426,225
P041,NovaTech Smartphone X1 041,Electronics,20600,9,18746,4.2,10463,6440,120724240,421
P042,ZenByte Smartphone X2 042,Electronics,26500,14,22790,4.4,8170,9047,206181130,304
P043,Orion Smartphone X3 043,Electronics,34300,12,30184,4,3581,6903,208360152,316
P044,PixelPro Laptop Pro 14 044,Computers,68400,13,59508,4.8,1561,3204,190663632,277
P045,Astra Laptop Air 13 045,Computers,60800,15,51680,4.2,5215,2628,135815040,115
P046,TechCore Laptop Core 15 046,Computers,44800,16,37632,4.2,3267,3307,124449024,475
P047,Voltix Wireless Earbuds A 047,Audio,2600,29,1846,4.3,9313,8720,16097120,318
P048,Nexora Wireless Earbuds B 048,Audio,4100,18,3362,4.8,4502,8242,27709604,142
P049,ByteWave Bluetooth Speaker 049,Audio,2900,19,2349,4.4,4754,5532,12994668,404
P050,Lumina Smart Watch A 050,Wearables,6500,10,5850,4.1,7030,7582,44354700,57
P051,NovaTech Smart Watch B 051,Wearables,9100,13,7917,4.2,5037,5282,41817594,470
P052,ZenByte Fitness Band 052,Wearables,2400,27,1752,3.8,9784,9748,17078496,333
P053,Orion Tablet 10 053,Tablets,20800,21,16432,4.3,1788,4718,77526176,173
P054,PixelPro Tablet Pro 054,Tablets,32600,8,29992,4.8,1527,1760,52785920,74
P055,Astra Tablet Lite 055,Tablets,14700,17,12201,3.8,4370,5260,64177260,124
P056,TechCore Gaming Mouse 056,Accessories,1900,29,1349,4.4,5936,11641,15703709,46
P057,Voltix Mechanical Keyboard 057,Accessories,4700,19,3807,4.8,3110,5235,19929645,86
P058,Nexora USB-C Hub 058,Accessories,2400,24,1824,4,4716,6542,11932608,307
P059,ByteWave Power Bank 10000 059,Accessories,1400,16,1176,4.6,10479,6993,8223768,38
P060,Lumina Power Bank 20000 060,Accessories,2700,20,2160,4.4,6533,4801,10370160,206
P061,NovaTech Smartphone X1 061,Electronics,20600,19,16686,4.6,4072,7066,117903276,369
P062,ZenByte Smartphone X2 062,Electronics,24100,11,21449,4.4,6033,8398,180128702,337
P063,Orion Smartphone X3 063,Electronics,34800,8,32016,4.5,6413,6244,199907904,471
P064,PixelPro Laptop Pro 14 064,Computers,64600,15,54910,4.8,2254,4078,223922980,430
P065,Astra Laptop Air 13 065,Computers,58300,18,47806,4.6,2839,5049,241372494,75
P066,TechCore Laptop Core 15 066,Computers,47500,15,40375,4.4,3215,6160,248710000,255
P067,Voltix Wireless Earbuds A 067,Audio,2500,32,1700,4.5,6189,10618,18050600,224
P068,Nexora Wireless Earbuds B 068,Audio,3900,14,3354,4.8,4942,7803,26171262,224
P069,ByteWave Bluetooth Speaker 069,Audio,3100,25,2325,4.2,3252,8623,20048475,153
P070,Lumina Smart Watch A 070,Wearables,5700,14,4902,3.8,5220,4653,22809006,422
P071,NovaTech Smart Watch B 071,Wearables,8800,14,7568,4.7,2283,5345,40450960,117
P072,ZenByte Fitness Band 072,Wearables,2400,34,1584,4,7585,10470,16584480,371
P073,Orion Tablet 10 073,Tablets,19900,20,15920,4.4,2381,3508,55847360,360
P074,PixelPro Tablet Pro 074,Tablets,32600,16,27384,4.4,3091,3084,84452256,173
P075,Astra Tablet Lite 075,Tablets,14200,25,10650,3.9,3612,3680,39192000,85
P076,TechCore Gaming Mouse 076,Accessories,1700,35,1105,4.7,9045,11602,12820210,335
P077,Voltix Mechanical Keyboard 077,Accessories,5100,19,4131,4.6,2886,4996,20638476,240
P078,Nexora USB-C Hub 078,Accessories,2400,29,1704,4.3,4825,5304,9038016,129
P079,ByteWave Power Bank 10000 079,Accessories,1500,27,1095,4.6,11357,7166,7846770,63
P080,Lumina Power Bank 20000 080,Accessories,2400,21,1896,4.5,5910,9915,18798840,404
P081,NovaTech Smartphone X1 081,Electronics,18300,11,16287,4.1,5148,4812,78373044,145
P082,ZenByte Smartphone X2 082,Electronics,27400,19,22194,4.7,3415,5924,131477256,342
P083,Orion Smartphone X3 083,Electronics,33800,16,28392,4.3,4405,3882,110217744,355
P084,PixelPro Laptop Pro 14 084,Computers,67800,25,50850,4.9,3648,3694,187839900,132
P085,Astra Laptop Air 13 085,Computers,53300,18,43706,4.4,2097,3207,140165142,454
P086,TechCore Laptop Core 15 086,Computers,45200,17,37516,4.3,5038,6862,257434792,324
P087,Voltix Wireless Earbuds A 087,Audio,2400,32,1632,4.5,9260,11085,18090720,278
P088,Nexora Wireless Earbuds B 088,Audio,4000,21,3160,4.5,4237,9095,28740200,250
P089,ByteWave Bluetooth Speaker 089,Audio,2900,20,2320,4.5,4629,8076,18736320,268
P090,Lumina Smart Watch A 090,Wearables,6200,14,5332,4.1,5747,4152,22138464,191
P091,NovaTech Smart Watch B 091,Wearables,8800,13,7656,4.1,2402,3605,27599880,98
P092,ZenByte Fitness Band 092,Wearables,2600,24,1976,3.9,6260,8083,15972008,51
P093,Orion Tablet 10 093,Tablets,18200,15,15470,4.1,4178,5122,79237340,30
P094,PixelPro Tablet Pro 094,Tablets,32200,19,26082,4.6,2278,3573,93190986,172
P095,Astra Tablet Lite 095,Tablets,14800,21,11692,4,4856,5568,65101056,479
P096,TechCore Gaming Mouse 096,Accessories,1700,28,1224,4.2,7647,7853,9612072,362
P097,Voltix Mechanical Keyboard 097,Accessories,5200,19,4212,4.8,7194,8240,34706880,338
P098,Nexora USB-C Hub 098,Accessories,2300,26,1702,4.3,5754,3622,6164644,239
P099,ByteWave Power Bank 10000 099,Accessories,1400,22,1092,4.1,6877,8484,9264528,252
P100,Lumina Power Bank 20000 100,Accessories,2400,23,1848,4.7,5535,10789,19938072,235
